Keyword,Search Intent,Priority,Monthly Volume,Difficulty,Target Page,Status
Twin Cities construction company,Commercial,High,,,01_Website/Homepage.md,Planned
Saint Paul construction company,Commercial,High,,,01_Website/Service_Areas/Saint_Paul.md,Planned
Minneapolis construction company,Commercial,High,,,01_Website/Service_Areas/Minneapolis.md,Planned
Twin Cities home renovations,Commercial,High,,,01_Website/Services/Renovations.md,Planned
Twin Cities rental turnover service,Commercial,High,,,01_Website/Services/Rental_Turnovers.md,Planned
Twin Cities property assessment,Commercial,Medium,,,01_Website/Services/Property_Assessments.md,Planned
Twin Cities construction estimate,Transactional,High,,,01_Website/Services/Estimating.md,Planned
rehab consulting for investors Twin Cities,Commercial,Medium,,,01_Website/Services/Investor_Rehab_Consulting.md,Planned
cost to renovate a bathroom Twin Cities,Informational,Medium,,,01_Website/Blog/,Planned
rental turnover checklist Minnesota,Informational,Medium,,,01_Website/Blog/,Planned
